{
  "detected_language": "en",
  "probs": {
    "pa": 1.4096752238401677e-05,
    "el": 0.0003345437871757895,
    "bn": 1.9761864678002894e-05,
    "gu": 8.36861318020965e-07,
    "nl": 0.0013676692033186555,
    "lt": 3.5163961911166552e-06,
    "mt": 1.7768012412489043e-06,
    "ka": 1.3812611996399937e-06,
    "sw": 1.2213924492243677e-05,
    "am": 1.9844733856189123e-07,
    "pt": 0.01088034175336361,
    "sq": 1.4534948604705278e-06,
    "yue": 8.04835872258991e-06,
    "uk": 7.989919686224312e-05,
    "bg": 7.109167927410454e-05,
    "ne": 3.847249899990857e-06,
    "sa": 6.001959991408512e-05,
    "gl": 5.331441207090393e-05,
    "nn": 0.0016555585898458958,
    "be": 7.4138943091384135e-06,
    "su": 1.1350739725912717e-07,
    "hy": 6.879013653815491e-06,
    "mn": 3.686462605401175e-06,
    "hi": 0.00015069970686454326,
    "ur": 0.00023870628501754254,
    "yi": 8.018238440854475e-05,
    "ko": 0.0016651717014610767,
    "sl": 3.476186248008162e-05,
    "fr": 0.010020935907959938,
    "ja": 0.0005354572203941643,
    "no": 0.00011648758663795888,
    "si": 2.9052269383100793e-05,
    "te": 1.5155025721469428e-05,
    "br": 0.0004990457673557103,
    "my": 1.7494905478088185e-05,
    "la": 0.0057020788080990314,
    "th": 8.197527495212853e-05,
    "fo": 1.7346712411381304e-05,
    "es": 0.0098541509360075,
    "tr": 0.001281663659028709,
    "fi": 0.0001394539576722309,
    "ba": 4.9647947975017814e-08,
    "tl": 1.482450170442462e-05,
    "zh": 0.0006371495546773076,
    "ht": 2.053233765764162e-05,
    "en": 0.929669201374054,
    "ar": 0.0019431195687502623,
    "mk": 9.357843850921199e-07,
    "ln": 2.565256409070571e-06,
    "jw": 0.00021163922792766243,
    "cs": 0.0005967045435681939,
    "oc": 5.6089724239427596e-05,
    "mr": 2.7847906949318713e-06,
    "lv": 2.026616857619956e-05,
    "he": 0.00027511763619259,
    "ca": 0.00010001716145779938,
    "kn": 4.494741290272941e-07,
    "lb": 1.9108826165847859e-07,
    "sv": 0.00151902309153229,
    "de": 0.006794492714107037,
    "vi": 0.00038488319842144847,
    "lo": 8.340492058778182e-06,
    "sr": 4.899294253846165e-06,
    "fa": 0.00021462872973643243,
    "cy": 0.0009578969911672175,
    "az": 7.136607109714532e-06,
    "da": 0.0007545153493992984,
    "sk": 1.8953089238493703e-05,
    "kk": 1.206791580443678e-06,
    "sd": 1.8220664060208946e-05,
    "af": 1.5445326425833628e-05,
    "hr": 2.790212420222815e-05,
    "mi": 0.00043115561129525304,
    "so": 7.143157176869863e-08,
    "is": 2.1559981178143062e-05,
    "ru": 0.005002286750823259,
    "ml": 5.08376797370147e-06,
    "km": 9.00430532055907e-05,
    "mg": 5.913893730280506e-08,
    "yo": 7.064365490805358e-05,
    "ps": 8.780663847574033e-06,
    "ta": 2.01536895474419e-05,
    "tk": 4.363626970871337e-08,
    "tt": 1.3487000671830174e-07,
    "et": 1.632679868635023e-06,
    "id": 4.361507672001608e-05,
    "ms": 0.00012898303975816816,
    "it": 0.002379579469561577,
    "bs": 3.158777326461859e-05,
    "pl": 0.0005839301738888025,
    "haw": 0.0013165244599804282,
    "sn": 0.0002300018531968817,
    "ro": 0.00014599757560063154,
    "hu": 0.00012586748925969005,
    "tg": 2.1325629973034665e-07,
    "ha": 1.0431860886228606e-07,
    "as": 7.16670172096201e-07,
    "eu": 8.367021109734196e-06,
    "uz": 1.4790390245877916e-08,
    "bo": 6.23628784524044e-06
  },
  "decoding_language": "ko",
  "task": "transcribe"
}